Mnemiopsis_leidyi_v1_Mnemiopsis_leidyi, 0            
Amphimedon_queenslandica_v1_Amphimedon_queenslandi, 0 
Taeniopygia_guttata_v1_Taeniopygia_guttata, 0         
Strongylocentrotus_purpuratus_v1_Strongylocentrotu, 0 
Drosophila_melanogaster_v1_Drosophila_melanogaster, 0 
Capitella_teleta_v1_Capetella_teleta, 0              
Lottia_gigantea_v1_Lottia_gigantea, 0    
Renilla_v1_Renilla, 0                                
Corallium_rubrum_v1_Corallium_rubrum, 0              
Nephthyigorgia_454_v1_Nephthyigorgia_454, 0          
Eunicella_cavolinii_v1_Eunicella_cavolinii, 0       
Eunicella_verrucosa_v1_Eunicella_verrucosa, 0        
Gorgonia_ventalina_v1_Gorgonia_ventalina, 0          
Leptogorgia_sarmentosa_v1_Leptogorgia_sarmentosa, 0  
Cerianthus_borealis_v1_Cerianthus_borealis, 0        
Protopalythoa_variabilis_v1_Protopalythoa_variabil, 0  
Nematostella_vectensis_v1_Nematostella_vectensis, 0   
Edwardsiella_lineata_v1_Edwardsiella_lineata, 0       
Bolocera_tuediae_v1_Bolocera_tuediae, 0               
Anthopleura_elegantissima_v1_Anthopleura_elegantis, 0 
Anemonia_viridis_v1_Anemonia_viridis, 0               
Hormathia_digitata_v1_Hormathia_digitata, 0           
Metridium_senile_v1_Metridium_senile, 0               
Aiptasia_pallida_v1_Aiptasia_pallida, 0               
Corynactis_australis_v1_Corynactis_australis, 0       
Ricordea_yuma_v1_Ricordea_yuma, 0                   
Rhodactis_indosinensis_v1_Rhodactis_indosinensis, 0  
Porites_asteroides_v1_Porites_ateroides, 0           
Acropora_digitifera_v1_Acropora_digitifera, 0        
Madracis_auretenra_v1_Madracis_auretenra, 0          
Seriatopora_hystrix_v1_Seriatopora_hystrix, 0        
Pocillopora_damicornis_v1_Pocillopora_damicornis, 0  
Lobactis_scutaria_v1_Lobactis_scutaria, 0            
Ctenactis_echinata_v1_Ctenactis_echinata, 0          
Montastraea_cavernosa_v1_Montastraea_cavernosa, 0    
Montastraea_faveolata_v1_Montastraea_faveolata, 0    
Favia_lizardensis_v1_Favia_lizardensis, 0           
Platygyra_carnosus_v1_Platygyra_carnosus, 0          
Polypodum_hydriforme_v1_Polypodum_hydriforme, 0      
Kudoa_iwatai_v1_Kudoa_iwatai, 0                       
Myxobolus_cerebralis_v1_Myxobolus_cerebralis, 0       
Myxobolus_pendula_v1_Myxobolus_pendula, 0             
Thelohanellus_kitauei_v1_Thelohanellus_kitauei, 0     
Haliclystus_auriculas_v1_Haliclystus_auriculas, 0     
Haliclystus_sanjuanensis_v1_Haliclystus_sanjuanens, 0 
Leucernaria_quadricornis_v1_Leucernaria_quadricorn, 0 
Craterolophus_convolvulus_v1_Craterolophus_convolv, 0 
Calvadosia_cruxmelitensis_v1_Calvadosia_cruxmelite, 0 
Chironex_fleckeri_v1_Chironex_fleckeri, 1             
Alatina_alata_v1_Alatina_alata, 1                     
Tripedalia_cystophora_v1_Tripedalia_cystophora, 1     
Atolla_vanhoeffeni_v1_Atolla_vanhoeffeni, 1           
Periphylla_periphylla_v1_Periphylla_periphylla, 1     
Cyanea_capillata_v1_Cyanea_capillata, 1               
Chrysaora_fuscescens_v1_Chrysaora_fuscescens, 1       
Aurelia_aurita_Dave_v1_Aurelia_aurita, 1              
Cassiopea_v1_Cassiopea, 1                             
Stomolophus_meleagris_v1_Stomolophus_meleagris, 1     
Aegina_citrea_v1_Aegina_citrea, 1                     
Craspedacusta_sowerbyi_v1_Craspedacusta_sowerbyi, 1   
Ectopleura_larynx_v1_Ectopleura_larynx, 0            
Hydra_viridissima_v1_Hydra_viridissima, 0            
Hydra_magnipapillata_v1_Hydra_magnipapillata, 0      
Hydra_oligactis_v1_Hydra_oligactis, 0                
Clytia_hemisphaerica_v1_Clytia_hemisphaerica, 1      
Turritopsis_sp_v1_Turritopsis_sp, 1                  
Podocoryna_carnea_v1_Podocoryna_carnea, 1            
Hydractinia_polyclina_v1_Hydractinia_polyclina, 0    
Hydractinia_symbiolongicarpus_v1_Hydractinia_symbi, 0
Physalia_physalis_v1_Physalia_physalis, 1            
Nanomia_bijuga_v1_Nanomia_bijuga, 1                  
Agalma_elegans_v1_Agalma_elegans, 1                  
Abylopsis_tetragona_v1_Abylopsis_tetragona, 1        
Craseoa_lathetica_v1_Craseoa_lathetica, 1 
